{"cameraMode":{"drawMode":0,"name":"Shaded","section":"Shading Mode"},"sceneLighting":false,"audioPlay":false,"sceneViewState":{"showFog":true,"showMaterialUpdate":false,"showSkybox":false,"showFlares":true,"showImageEffects":true,"showParticleSystems":true},"in2DMode":false,"pivot":{"x":1.718345046043396,"y":0.8597371578216553,"z":-1.3385567665100098},"rotation":{"x":0.2407705932855606,"y":-0.16644151508808137,"z":0.04194853827357292,"w":0.9552850723266602},"size":3.398049831390381,"orthographic":false}