{"cameraMode":{"drawMode":0,"name":"Shaded","section":"Shading Mode"},"sceneLighting":false,"audioPlay":false,"sceneViewState":{"showFog":true,"showMaterialUpdate":false,"showSkybox":false,"showFlares":true,"showImageEffects":true,"showParticleSystems":true},"in2DMode":false,"pivot":{"x":3.1198368072509767,"y":-3.1841557025909426,"z":6.955072402954102},"rotation":{"x":0.17328715324401856,"y":0.32272565364837649,"z":-0.06022784113883972,"w":0.9285448789596558},"size":13.294580459594727,"orthographic":false}