{"cameraMode":{"drawMode":0,"name":"Shaded","section":"Shading Mode"},"sceneLighting":false,"audioPlay":false,"sceneViewState":{"showFog":true,"showMaterialUpdate":false,"showSkybox":false,"showFlares":true,"showImageEffects":true,"showParticleSystems":true},"in2DMode":false,"pivot":{"x":1.718345046043396,"y":0.8597372174263,"z":-1.3385567665100098},"rotation":{"x":0.20006029307842256,"y":0.35038676857948305,"z":-0.07688350975513458,"w":0.9117566347122192},"size":2.4618022441864015,"orthographic":true}